"Status","Start Time","Stop Time","Duration in ms","Parent Suite","Suite","Sub Suite","Test Class","Test Method","Name","Description"
"passed","Sun Dec 13 17:12:27 CST 2020","Sun Dec 13 17:12:27 CST 2020","1","","test_calc","TestCalc","","","除",""
"passed","Sun Dec 13 17:12:27 CST 2020","Sun Dec 13 17:12:27 CST 2020","1","","test_calc","TestCalc","","","乘",""
"passed","Sun Dec 13 17:12:27 CST 2020","Sun Dec 13 17:12:27 CST 2020","0","","test_calc","TestCalc","","","除",""
"passed","Sun Dec 13 17:12:27 CST 2020","Sun Dec 13 17:12:27 CST 2020","0","","test_calc","TestCalc","","","乘",""
"passed","Sun Dec 13 17:12:27 CST 2020","Sun Dec 13 17:12:27 CST 2020","1","","test_calc","TestCalc","","","加",""
"passed","Sun Dec 13 17:12:27 CST 2020","Sun Dec 13 17:12:27 CST 2020","1","","test_calc","TestCalc","","","减",""
"passed","Sun Dec 13 17:12:27 CST 2020","Sun Dec 13 17:12:27 CST 2020","0","","test_calc","TestCalc","","","除",""
"passed","Sun Dec 13 17:12:27 CST 2020","Sun Dec 13 17:12:27 CST 2020","2","","test_calc","TestCalc","","","加",""
"passed","Sun Dec 13 17:12:27 CST 2020","Sun Dec 13 17:12:27 CST 2020","1","","test_calc","TestCalc","","","乘",""
"passed","Sun Dec 13 17:12:27 CST 2020","Sun Dec 13 17:12:27 CST 2020","1","","test_calc","TestCalc","","","除",""
"passed","Sun Dec 13 17:12:27 CST 2020","Sun Dec 13 17:12:27 CST 2020","0","","test_calc","TestCalc","","","加",""
"passed","Sun Dec 13 17:12:27 CST 2020","Sun Dec 13 17:12:27 CST 2020","0","","test_calc","TestCalc","","","减",""
"passed","Sun Dec 13 17:12:27 CST 2020","Sun Dec 13 17:12:27 CST 2020","0","","test_calc","TestCalc","","","乘",""
"passed","Sun Dec 13 17:12:27 CST 2020","Sun Dec 13 17:12:27 CST 2020","0","","test_calc","TestCalc","","","除",""
"passed","Sun Dec 13 17:12:27 CST 2020","Sun Dec 13 17:12:27 CST 2020","0","","test_calc","TestCalc","","","除",""
"passed","Sun Dec 13 17:12:27 CST 2020","Sun Dec 13 17:12:27 CST 2020","1","","test_calc","TestCalc","","","减",""
"passed","Sun Dec 13 17:12:27 CST 2020","Sun Dec 13 17:12:27 CST 2020","0","","test_calc","TestCalc","","","加",""
"passed","Sun Dec 13 17:12:27 CST 2020","Sun Dec 13 17:12:27 CST 2020","1","","test_calc","TestCalc","","","减",""
"passed","Sun Dec 13 17:12:27 CST 2020","Sun Dec 13 17:12:27 CST 2020","0","","test_calc","TestCalc","","","加",""
"passed","Sun Dec 13 17:12:27 CST 2020","Sun Dec 13 17:12:27 CST 2020","0","","test_calc","TestCalc","","","加",""
"passed","Sun Dec 13 17:12:27 CST 2020","Sun Dec 13 17:12:27 CST 2020","1","","test_calc","TestCalc","","","减",""
"passed","Sun Dec 13 17:12:27 CST 2020","Sun Dec 13 17:12:27 CST 2020","0","","test_calc","TestCalc","","","减",""
"passed","Sun Dec 13 17:12:27 CST 2020","Sun Dec 13 17:12:27 CST 2020","0","","test_calc","TestCalc","","","除",""
"passed","Sun Dec 13 17:12:27 CST 2020","Sun Dec 13 17:12:27 CST 2020","0","","test_calc","TestCalc","","","乘",""
"passed","Sun Dec 13 17:12:27 CST 2020","Sun Dec 13 17:12:27 CST 2020","0","","test_calc","TestCalc","","","乘",""
"passed","Sun Dec 13 17:12:27 CST 2020","Sun Dec 13 17:12:27 CST 2020","1","","test_calc","TestCalc","","","减",""
"passed","Sun Dec 13 17:12:27 CST 2020","Sun Dec 13 17:12:27 CST 2020","0","","test_calc","TestCalc","","","乘",""
"passed","Sun Dec 13 17:12:27 CST 2020","Sun Dec 13 17:12:27 CST 2020","0","","test_calc","TestCalc","","","乘",""
"passed","Sun Dec 13 17:12:27 CST 2020","Sun Dec 13 17:12:27 CST 2020","0","","test_calc","TestCalc","","","减",""
"passed","Sun Dec 13 17:12:27 CST 2020","Sun Dec 13 17:12:27 CST 2020","0","","test_calc","TestCalc","","","除",""
"passed","Sun Dec 13 17:12:27 CST 2020","Sun Dec 13 17:12:27 CST 2020","0","","test_calc","TestCalc","","","减",""
